"id","fileid","realname","size","date_upload","prefix"
406522,"E://datafs//000/000/406/522","32167826495509650831.html",26918,"2021-03-24 14:21:39.608398",""
411053,"E://datafs//docfiles/000/000/411/053","607991cc281c2.pdf",1631067,"2021-04-16 16:31:21.958007","docfiles"
415153,"E://datafs//000/000/415/153","7f198849-2a91-4add-bcaa-a32687865e13",5895,"2021-06-12 03:26:35.758789",""
420935,"E://datafs//000/000/420/935","7ceec561-abfc-461a-872e-e3582cd95e2c",5894,"2021-07-02 17:04:49.210937",""
406523,"E://datafs//000/000/406/523","605b1c3db1f8b.html",21393,"2021-03-24 14:26:22.738281",""
411054,"E://datafs//000/000/411/054","request.zip",4938753,"2021-04-16 16:31:36.678711",""
413136,"E://datafs//000/000/413/136","ceb4fcb2-8eb8-43bb-9f94-790007f219c9",5895,"2021-05-26 23:59:50.524414",""
417120,"E://datafs//000/000/417/120","3efbc542-88d7-4e67-b402-68b76db0df16",5895,"2021-06-23 12:33:11.429687",""
427615,"E://datafs//000/000/427/615","b3c106b7-5b34-4e26-b6c5-228daa65e7fa",5894,"2021-07-05 14:15:12.560585",""
438650,"E://datafs//000/000/438/650","1672873b-fd04-486f-9b23-19332cdf9ada",5895,"2021-07-06 21:20:36.30664",""